real.identity,ID,sample.eu,sample.eu.val,sample.ieu,sample.ieu.val,sample.cos,sample.cos.val,bt.genus.eu.score,bt.genus.ieu.score,bt.genus.cos.score,reference,genus.cos,hits.cos,genus.eu,hits.eu,genus.ieu,hits.ieu
Ceratium_sp.,ID00232,ID00053,0.164058056,ID00238,0.465937386,ID00237,0.812234574,0.462,0.722,0.754,Ceratium,Ceratium,TRUE,Coscinodiscus ,FALSE,Ceratium,TRUE
Ceratium_sp.,ID00233,ID00234,0.221104784,ID00234,0.711089466,ID00234,0.975346064,0.872,0.95,0.686,Ceratium,Ceratium,TRUE,Ceratium,TRUE,Ceratium,TRUE
Ceratium_sp.,ID00234,ID00236,0.273810826,ID00236,0.807969128,ID00236,0.983116021,0.992,0.928,0.7,Ceratium,Ceratium,TRUE,Ceratium,TRUE,Ceratium,TRUE
Ceratium_sp.,ID00235,ID00233,0.130951698,ID00238,0.250806503,ID00232,0.509398806,0.906,0.844,0.87,Ceratium,Ceratium,TRUE,Ceratium,TRUE,Ceratium,TRUE
Ceratium_sp.,ID00236,ID00234,0.273810826,ID00300,0.832476402,ID00234,0.983116021,0.738,0.728,0.59,Ceratium,Ceratium,TRUE,Ceratium,TRUE,Guinardia ,FALSE
Ceratium_sp.,ID00237,ID00242,0.174757532,ID00300,0.71038374,ID00300,0.968595409,0.548,0.516,0.588,Ceratium,Guinardia ,FALSE,Ceratium,TRUE,Guinardia ,FALSE
Ceratium_sp.,ID00238,ID00242,0.238158973,ID00234,0.605009339,ID00233,0.910895085,1,0.958,0.92,Ceratium,Ceratium,TRUE,Ceratium,TRUE,Ceratium,TRUE
Ceratium_sp.,ID00239,ID00658,0.117328606,ID00055,0.185577694,ID00240,0.407663041,0.776,0.518,0.71,Ceratium,Ceratium,TRUE,Ditylum ,FALSE,Coscinodiscus ,FALSE
Ceratium_sp.,ID00240,ID00242,0.243688623,ID00242,0.619823624,ID00242,0.900910594,0.694,0.972,0.986,Ceratium,Ceratium,TRUE,Ceratium,TRUE,Ceratium,TRUE
Ceratium_sp.,ID00241,ID00238,0.141041371,ID00240,0.440980181,ID00242,0.876475972,0.868,0.932,0.696,Ceratium,Ceratium,TRUE,Ceratium,TRUE,Ceratium,TRUE
Ceratium_sp.,ID00242,ID00240,0.243688623,ID00268,0.626317355,ID00268,0.93424038,0.972,0.522,0.65,Ceratium,Ditylum ,FALSE,Ceratium,TRUE,Ditylum ,FALSE
Ceratium_sp.,ID00582,ID00588,0.29566083,ID00588,0.49863674,ID00591,0.824098966,0.352,0.552,0.794,Ceratium,Ceratium,TRUE,Ceratium,TRUE,Ceratium,TRUE
Ceratium_sp.,ID00583,ID00585,0.337660831,ID00585,0.536101672,ID00590,0.803474601,0.776,0.846,0.774,Ceratium,Ceratium,TRUE,Ceratium,TRUE,Ceratium,TRUE
Ceratium_sp.,ID00584,ID00590,0.285053305,ID00590,0.514744228,ID00595,0.894911957,0.54,0.562,0.504,Ceratium,Coscinodiscus ,FALSE,Ceratium,TRUE,Ceratium,TRUE
Ceratium_sp.,ID00585,ID00583,0.337660831,ID00591,0.600411646,ID00593,0.880548592,0.96,1,0.87,Ceratium,Ceratium,TRUE,Ceratium,TRUE,Ceratium,TRUE
Ceratium_sp.,ID00586,ID00587,0.616219238,ID00587,0.638125597,ID00587,0.896838185,1,1,1,Ceratium,Ceratium,TRUE,Ceratium,TRUE,Ceratium,TRUE
Ceratium_sp.,ID00587,ID00586,0.616219238,ID00592,0.704555758,ID00586,0.896838185,1,1,1,Ceratium,Ceratium,TRUE,Ceratium,TRUE,Ceratium,TRUE
Ceratium_sp.,ID00588,ID00589,0.305705083,ID00594,0.537824472,ID00591,0.879032809,0.728,0.924,0.838,Ceratium,Ceratium,TRUE,Ceratium,TRUE,Ceratium,TRUE
Ceratium_sp.,ID00589,ID00594,0.360731429,ID00540,0.522225784,ID00590,0.835740688,0.886,0.266,0.792,Ceratium,Ceratium,TRUE,Ceratium,TRUE,Ditylum ,FALSE
Ceratium_sp.,ID00590,ID00540,0.311146908,ID00540,0.555203649,ID00589,0.835740688,0.586,0.328,0.814,Ceratium,Ceratium,TRUE,Ditylum ,FALSE,Ditylum ,FALSE
Ceratium_sp.,ID00591,ID00594,0.429265295,ID00594,0.686236568,ID00594,0.932978983,0.96,0.994,0.836,Ceratium,Ceratium,TRUE,Ceratium,TRUE,Ceratium,TRUE
Ceratium_sp.,ID00592,ID00587,0.292973628,ID00587,0.704555758,ID00583,0.794844718,0.916,0.942,0.94,Ceratium,Ceratium,TRUE,Ceratium,TRUE,Ceratium,TRUE
Ceratium_sp.,ID00593,ID00540,0.260160567,ID00591,0.566186685,ID00591,0.882875703,0.294,0.966,0.918,Ceratium,Ceratium,TRUE,Ditylum ,FALSE,Ceratium,TRUE
Ceratium_sp.,ID00594,ID00591,0.429265295,ID00591,0.686236568,ID00591,0.932978983,1,1,0.874,Ceratium,Ceratium,TRUE,Ceratium,TRUE,Ceratium,TRUE
Ceratium_sp.,ID00097,ID00614,0.225151994,ID00641,0.39071928,ID00641,0.656213198,0.57,0.972,0.83,Ceratium,Coscinodiscus ,FALSE,Coscinodiscus ,FALSE,Coscinodiscus ,FALSE
Ceratium_sp.,ID00098,ID00389,0.163393166,ID00634,0.32966252,ID00097,0.542859959,0.426,0.842,0.608,Ceratium,Ceratium,TRUE,Lauderia,FALSE,Coscinodiscus ,FALSE
Chaetoceros_diadema,ID00566,ID00571,0.398912909,ID00616,0.570427889,ID00571,0.890365384,0.988,0.33,0.432,Chaetoceros,Chaetoceros,TRUE,Chaetoceros,TRUE,Coscinodiscus ,FALSE
Chaetoceros_diadema,ID00567,ID00569,0.424548319,ID00571,0.596522319,ID00534,0.871455038,0.99,0.92,0.148,Chaetoceros,Rhizosolenia,FALSE,Chaetoceros,TRUE,Chaetoceros,TRUE
Chaetoceros_diadema,ID00568,ID00572,0.444536614,ID00569,0.68603746,ID00569,0.948782687,0.98,0.982,0.582,Chaetoceros,Chaetoceros,TRUE,Chaetoceros,TRUE,Chaetoceros,TRUE
Chaetoceros_diadema,ID00569,ID00572,0.475199645,ID00572,0.712585528,ID00568,0.948782687,0.934,0.964,0.528,Chaetoceros,Chaetoceros,TRUE,Chaetoceros,TRUE,Chaetoceros,TRUE
Chaetoceros_diadema,ID00570,ID00572,0.465629575,ID00572,0.66659382,ID00577,0.931342569,0.994,0.97,0.582,Chaetoceros,Chaetoceros,TRUE,Chaetoceros,TRUE,Chaetoceros,TRUE
Chaetoceros_diadema,ID00571,ID00567,0.410813419,ID00534,0.60325321,ID00572,0.908871663,0.924,0.172,0.762,Chaetoceros,Chaetoceros,TRUE,Chaetoceros,TRUE,Rhizosolenia,FALSE
Chaetoceros_diadema,ID00572,ID00569,0.475199645,ID00569,0.712585528,ID00569,0.947547823,0.978,0.938,0.706,Chaetoceros,Chaetoceros,TRUE,Chaetoceros,TRUE,Chaetoceros,TRUE
Chaetoceros_diadema,ID00573,ID00547,0.34198281,ID00548,0.703577507,ID00548,0.978151748,0.694,0.962,0.348,Chaetoceros,Ditylum ,FALSE,Ditylum ,FALSE,Ditylum ,FALSE
Chaetoceros_diadema,ID00574,ID00575,0.377581612,ID00575,0.66678476,ID00575,0.954683295,0.994,0.904,0.654,Chaetoceros,Chaetoceros,TRUE,Chaetoceros,TRUE,Chaetoceros,TRUE
Chaetoceros_diadema,ID00575,ID00574,0.377581612,ID00577,0.672957456,ID00574,0.954683295,0.926,0.98,0.58,Chaetoceros,Chaetoceros,TRUE,Chaetoceros,TRUE,Chaetoceros,TRUE
Chaetoceros_diadema,ID00576,ID00580,0.408188199,ID00545,0.592053868,ID00673,0.853692629,0.6,0.284,0.164,Chaetoceros,Ditylum ,FALSE,Chaetoceros,TRUE,Ditylum ,FALSE
Chaetoceros_diadema,ID00577,ID00572,0.397567481,ID00575,0.672957456,ID00574,0.943367095,0.962,0.994,0.656,Chaetoceros,Chaetoceros,TRUE,Chaetoceros,TRUE,Chaetoceros,TRUE
Chaetoceros_diadema,ID00578,ID00682,0.088171819,ID00681,0.441534543,ID00681,0.865329561,0.282,0.656,0.672,Chaetoceros,Pleurosigma,FALSE,Pleurosigma,FALSE,Pleurosigma,FALSE
Chaetoceros_diadema,ID00579,ID00572,0.394099759,ID00535,0.639860702,ID00572,0.912558209,0.822,0.856,0.508,Chaetoceros,Chaetoceros,TRUE,Chaetoceros,TRUE,Rhizosolenia,FALSE
Chaetoceros_diadema,ID00580,ID00576,0.408188199,ID00576,0.563927529,ID00579,0.839154665,0.998,0.87,0.666,Chaetoceros,Chaetoceros,TRUE,Chaetoceros,TRUE,Chaetoceros,TRUE
Chaetoceros_diadema,ID00581,ID00673,0.340823455,ID00602,0.526050429,ID00602,0.782298118,0.802,0.876,0.756,Chaetoceros,Coscinodiscus ,FALSE,Ditylum ,FALSE,Coscinodiscus ,FALSE
Chaetoceros_didymus,ID00086,ID00092,0.319940705,ID00089,0.610564977,ID00089,0.907916804,1,1,0.972,Chaetoceros,Chaetoceros,TRUE,Chaetoceros,TRUE,Chaetoceros,TRUE
Chaetoceros_didymus,ID00087,ID00089,0.305651011,ID00089,0.573968394,ID00089,0.872677938,1,1,0.976,Chaetoceros,Chaetoceros,TRUE,Chaetoceros,TRUE,Chaetoceros,TRUE
Chaetoceros_didymus,ID00088,ID00089,0.37590876,ID00089,0.656167446,ID00089,0.905490675,1,0.996,0.866,Chaetoceros,Chaetoceros,TRUE,Chaetoceros,TRUE,Chaetoceros,TRUE
Chaetoceros_didymus,ID00089,ID00090,0.465350675,ID00090,0.699975342,ID00090,0.942673409,1,1,0.984,Chaetoceros,Chaetoceros,TRUE,Chaetoceros,TRUE,Chaetoceros,TRUE
Chaetoceros_didymus,ID00090,ID00089,0.465350675,ID00089,0.699975342,ID00089,0.942673409,1,1,0.968,Chaetoceros,Chaetoceros,TRUE,Chaetoceros,TRUE,Chaetoceros,TRUE
Chaetoceros_didymus,ID00091,ID00092,0.455218214,ID00092,0.604248392,ID00092,0.882571148,1,1,0.996,Chaetoceros,Chaetoceros,TRUE,Chaetoceros,TRUE,Chaetoceros,TRUE
Chaetoceros_didymus,ID00092,ID00091,0.455218214,ID00089,0.616897535,ID00089,0.899923346,1,1,0.99,Chaetoceros,Chaetoceros,TRUE,Chaetoceros,TRUE,Chaetoceros,TRUE
Chaetoceros_didymus,ID00093,ID00094,0.44137725,ID00094,0.687438905,ID00094,0.917800687,1,1,1,Chaetoceros,Chaetoceros,TRUE,Chaetoceros,TRUE,Chaetoceros,TRUE
Chaetoceros_didymus,ID00094,ID00093,0.44137725,ID00093,0.687438905,ID00093,0.917800687,1,1,0.99,Chaetoceros,Chaetoceros,TRUE,Chaetoceros,TRUE,Chaetoceros,TRUE
Chaetoceros_sp.,ID00153,ID00052,0.178932079,ID00327,0.316598606,ID00327,0.675163949,0.85,0.532,0.556,Chaetoceros,Thalassiosira ,FALSE,Coscinodiscus ,FALSE,Thalassiosira ,FALSE
Chaetoceros_sp.,ID00154,ID00155,0.142857143,ID00155,0.614261168,ID00155,0.783087908,0.742,0.742,0.742,Chaetoceros,Chaetoceros,TRUE,Chaetoceros,TRUE,Chaetoceros,TRUE
Chaetoceros_sp.,ID00155,ID00154,0.142857143,ID00154,0.614261168,ID00154,0.783087908,0.514,0.568,0.63,Chaetoceros,Chaetoceros,TRUE,Chaetoceros,TRUE,Chaetoceros,TRUE
Chaetoceros_sp.,ID00157,ID00159,0.376609154,ID00158,0.676084057,ID00159,0.927791905,1,1,0.966,Chaetoceros,Chaetoceros,TRUE,Chaetoceros,TRUE,Chaetoceros,TRUE
Chaetoceros_sp.,ID00158,ID00159,0.359817945,ID00157,0.676084057,ID00157,0.921670449,1,0.998,0.958,Chaetoceros,Chaetoceros,TRUE,Chaetoceros,TRUE,Chaetoceros,TRUE
Chaetoceros_sp.,ID00159,ID00157,0.376609154,ID00157,0.647260972,ID00157,0.927791905,1,1,0.94,Chaetoceros,Chaetoceros,TRUE,Chaetoceros,TRUE,Chaetoceros,TRUE
Chaetoceros_sp.,ID00160,ID00161,0.31592874,ID00161,0.620876163,ID00161,0.913148364,1,1,0.898,Chaetoceros,Chaetoceros,TRUE,Chaetoceros,TRUE,Chaetoceros,TRUE
Chaetoceros_sp.,ID00161,ID00160,0.31592874,ID00160,0.620876163,ID00162,0.925400352,1,1,0.926,Chaetoceros,Chaetoceros,TRUE,Chaetoceros,TRUE,Chaetoceros,TRUE
Chaetoceros_sp.,ID00162,ID00160,0.310939109,ID00160,0.588405981,ID00161,0.925400352,1,0.954,0.71,Chaetoceros,Chaetoceros,TRUE,Chaetoceros,TRUE,Chaetoceros,TRUE
Chaetoceros_sp.,ID00163,ID00164,0.283342084,ID00161,0.55669925,ID00161,0.88097333,1,0.998,0.884,Chaetoceros,Chaetoceros,TRUE,Chaetoceros,TRUE,Chaetoceros,TRUE
Chaetoceros_sp.,ID00164,ID00165,0.308880273,ID00165,0.585339072,ID00165,0.919043162,1,1,0.982,Chaetoceros,Chaetoceros,TRUE,Chaetoceros,TRUE,Chaetoceros,TRUE
Chaetoceros_sp.,ID00165,ID00166,0.323870222,ID00166,0.658407616,ID00166,0.935333681,1,1,0.994,Chaetoceros,Chaetoceros,TRUE,Chaetoceros,TRUE,Chaetoceros,TRUE
Chaetoceros_sp.,ID00166,ID00165,0.323870222,ID00165,0.658407616,ID00165,0.935333681,1,1,0.998,Chaetoceros,Chaetoceros,TRUE,Chaetoceros,TRUE,Chaetoceros,TRUE
Chaetoceros_sp.,ID00202,ID00207,0.151548905,ID00203,0.2752825,ID00389,0.51217028,0.684,0.41,0.134,Chaetoceros,Lauderia,FALSE,Chaetoceros,TRUE,Chaetoceros,TRUE
Chaetoceros_sp.,ID00203,ID00204,0.214957952,ID00204,0.531606333,ID00204,0.872112371,0.95,0.85,0.704,Chaetoceros,Chaetoceros,TRUE,Chaetoceros,TRUE,Chaetoceros,TRUE
Chaetoceros_sp.,ID00204,ID00207,0.29626096,ID00207,0.547648715,ID00203,0.872112371,0.994,1,0.944,Chaetoceros,Chaetoceros,TRUE,Chaetoceros,TRUE,Chaetoceros,TRUE
Chaetoceros_sp.,ID00205,ID00207,0.228925858,ID00207,0.491504181,ID00207,0.81599782,0.994,0.83,0.59,Chaetoceros,Chaetoceros,TRUE,Chaetoceros,TRUE,Chaetoceros,TRUE
Chaetoceros_sp.,ID00206,ID00209,0.169554974,ID00164,0.404487687,ID00208,0.733643644,0.956,1,0.992,Chaetoceros,Chaetoceros,TRUE,Chaetoceros,TRUE,Chaetoceros,TRUE
Chaetoceros_sp.,ID00207,ID00204,0.29626096,ID00204,0.547648715,ID00204,0.839820881,0.998,0.994,0.906,Chaetoceros,Chaetoceros,TRUE,Chaetoceros,TRUE,Chaetoceros,TRUE
Chaetoceros_sp.,ID00208,ID00163,0.140758518,ID00209,0.537939923,ID00209,0.875365326,0.97,0.892,0.712,Chaetoceros,Chaetoceros,TRUE,Chaetoceros,TRUE,Chaetoceros,TRUE
Chaetoceros_sp.,ID00209,ID00207,0.173882854,ID00208,0.537939923,ID00208,0.875365326,0.924,0.732,0.728,Chaetoceros,Chaetoceros,TRUE,Chaetoceros,TRUE,Chaetoceros,TRUE
Chaetoceros_sp.,ID00549,ID00552,0.482823803,ID00552,0.748914925,ID00551,0.967384002,1,1,0.846,Chaetoceros,Chaetoceros,TRUE,Chaetoceros,TRUE,Chaetoceros,TRUE
Chaetoceros_sp.,ID00550,ID00552,0.44714568,ID00552,0.736399397,ID00551,0.966957467,1,1,0.884,Chaetoceros,Chaetoceros,TRUE,Chaetoceros,TRUE,Chaetoceros,TRUE
Chaetoceros_sp.,ID00551,ID00552,0.487156537,ID00550,0.731374317,ID00552,0.970635141,1,1,0.876,Chaetoceros,Chaetoceros,TRUE,Chaetoceros,TRUE,Chaetoceros,TRUE
Chaetoceros_sp.,ID00552,ID00551,0.487156537,ID00549,0.748914925,ID00551,0.970635141,1,0.996,0.75,Chaetoceros,Chaetoceros,TRUE,Chaetoceros,TRUE,Chaetoceros,TRUE
Chaetoceros_sp.,ID00553,ID00555,0.344715803,ID00555,0.657515902,ID00559,0.961359895,1,1,0.78,Chaetoceros,Chaetoceros,TRUE,Chaetoceros,TRUE,Chaetoceros,TRUE
Chaetoceros_sp.,ID00554,ID00556,0.434784339,ID00556,0.721769623,ID00556,0.963127498,1,1,0.646,Chaetoceros,Chaetoceros,TRUE,Chaetoceros,TRUE,Chaetoceros,TRUE
Chaetoceros_sp.,ID00555,ID00554,0.397630013,ID00553,0.657515902,ID00553,0.946920887,1,1,0.79,Chaetoceros,Chaetoceros,TRUE,Chaetoceros,TRUE,Chaetoceros,TRUE
Chaetoceros_sp.,ID00556,ID00561,0.515537002,ID00562,0.746376746,ID00562,0.973503437,1,1,0.63,Chaetoceros,Chaetoceros,TRUE,Chaetoceros,TRUE,Chaetoceros,TRUE
Chaetoceros_sp.,ID00557,ID00561,0.432324587,ID00563,0.668182858,ID00556,0.959360987,1,1,0.75,Chaetoceros,Chaetoceros,TRUE,Chaetoceros,TRUE,Chaetoceros,TRUE
Chaetoceros_sp.,ID00558,ID00561,0.428677088,ID00561,0.658143538,ID00557,0.947391816,1,1,0.73,Chaetoceros,Chaetoceros,TRUE,Chaetoceros,TRUE,Chaetoceros,TRUE
Chaetoceros_sp.,ID00559,ID00560,0.437705567,ID00560,0.755103465,ID00560,0.98786674,1,1,0.804,Chaetoceros,Chaetoceros,TRUE,Chaetoceros,TRUE,Chaetoceros,TRUE
Chaetoceros_sp.,ID00560,ID00559,0.437705567,ID00559,0.755103465,ID00559,0.98786674,1,1,0.886,Chaetoceros,Chaetoceros,TRUE,Chaetoceros,TRUE,Chaetoceros,TRUE
Chaetoceros_sp.,ID00561,ID00556,0.515537002,ID00556,0.702996365,ID00562,0.949424587,1,0.998,0.678,Chaetoceros,Chaetoceros,TRUE,Chaetoceros,TRUE,Chaetoceros,TRUE
Chaetoceros_sp.,ID00562,ID00556,0.476916355,ID00556,0.746376746,ID00556,0.973503437,1,1,0.698,Chaetoceros,Chaetoceros,TRUE,Chaetoceros,TRUE,Chaetoceros,TRUE
Chaetoceros_sp.,ID00563,ID00562,0.42215939,ID00565,0.735430948,ID00565,0.984429146,1,1,0.788,Chaetoceros,Chaetoceros,TRUE,Chaetoceros,TRUE,Chaetoceros,TRUE
Chaetoceros_sp.,ID00564,ID00565,0.435613843,ID00559,0.72048223,ID00559,0.980413242,1,1,0.848,Chaetoceros,Chaetoceros,TRUE,Chaetoceros,TRUE,Chaetoceros,TRUE
Chaetoceros_sp.,ID00565,ID00564,0.435613843,ID00563,0.735430948,ID00563,0.984429146,1,1,0.732,Chaetoceros,Chaetoceros,TRUE,Chaetoceros,TRUE,Chaetoceros,TRUE
Coscinodiscus _granii,ID00055,ID00688,0.193930626,ID00056,0.415573994,ID00056,0.682902826,0.58,0.718,0.678,Coscinodiscus ,Coscinodiscus ,TRUE,Pleurosigma,FALSE,Coscinodiscus ,TRUE
Coscinodiscus _granii,ID00056,ID00057,0.266608225,ID00057,0.618753382,ID00057,0.902029006,1,0.998,0.774,Coscinodiscus ,Coscinodiscus ,TRUE,Coscinodiscus ,TRUE,Coscinodiscus ,TRUE
Coscinodiscus _granii,ID00057,ID00056,0.266608225,ID00056,0.618753382,ID00056,0.902029006,0.958,0.992,0.784,Coscinodiscus ,Coscinodiscus ,TRUE,Coscinodiscus ,TRUE,Coscinodiscus ,TRUE
Coscinodiscus _granii,ID00595,ID00597,0.376960498,ID00596,0.683070237,ID00596,0.961412506,0.908,0.992,0.632,Coscinodiscus ,Coscinodiscus ,TRUE,Coscinodiscus ,TRUE,Coscinodiscus ,TRUE
Coscinodiscus _granii,ID00596,ID00609,0.432279323,ID00595,0.683070237,ID00595,0.961412506,1,1,0.774,Coscinodiscus ,Coscinodiscus ,TRUE,Coscinodiscus ,TRUE,Coscinodiscus ,TRUE
Coscinodiscus _granii,ID00597,ID00610,0.523640414,ID00611,0.778320114,ID00610,0.969541703,0.816,1,0.698,Coscinodiscus ,Coscinodiscus ,TRUE,Coscinodiscus ,TRUE,Coscinodiscus ,TRUE
Coscinodiscus _granii,ID00598,ID00612,0.485727791,ID00599,0.719200679,ID00599,0.956870743,0.994,1,0.876,Coscinodiscus ,Coscinodiscus ,TRUE,Coscinodiscus ,TRUE,Coscinodiscus ,TRUE
Coscinodiscus _granii,ID00599,ID00600,0.542779182,ID00612,0.748923229,ID00601,0.96661862,0.976,1,0.92,Coscinodiscus ,Coscinodiscus ,TRUE,Coscinodiscus ,TRUE,Coscinodiscus ,TRUE
Coscinodiscus _granii,ID00600,ID00599,0.542779182,ID00612,0.739726285,ID00612,0.961568704,0.998,1,0.912,Coscinodiscus ,Coscinodiscus ,TRUE,Coscinodiscus ,TRUE,Coscinodiscus ,TRUE
Coscinodiscus _granii,ID00601,ID00603,0.557870947,ID00603,0.815011607,ID00603,0.978221679,0.998,1,0.88,Coscinodiscus ,Coscinodiscus ,TRUE,Coscinodiscus ,TRUE,Coscinodiscus ,TRUE
Coscinodiscus _granii,ID00602,ID00532,0.411845782,ID00532,0.616124843,ID00532,0.809578424,0.79,0.784,0.23,Coscinodiscus ,Rhizosolenia,FALSE,Rhizosolenia,FALSE,Rhizosolenia,FALSE
Coscinodiscus _granii,ID00603,ID00601,0.557870947,ID00601,0.815011607,ID00601,0.978221679,1,0.998,0.89,Coscinodiscus ,Coscinodiscus ,TRUE,Coscinodiscus ,TRUE,Coscinodiscus ,TRUE
Coscinodiscus _granii,ID00604,ID00601,0.511562442,ID00601,0.786878818,ID00601,0.977417042,1,1,0.904,Coscinodiscus ,Coscinodiscus ,TRUE,Coscinodiscus ,TRUE,Coscinodiscus ,TRUE
Coscinodiscus _granii,ID00605,ID00603,0.525961038,ID00607,0.750191014,ID00603,0.958978855,1,1,0.934,Coscinodiscus ,Coscinodiscus ,TRUE,Coscinodiscus ,TRUE,Coscinodiscus ,TRUE
Coscinodiscus _granii,ID00606,ID00607,0.506853354,ID00605,0.738953105,ID00605,0.946912827,0.99,0.998,0.868,Coscinodiscus ,Coscinodiscus ,TRUE,Coscinodiscus ,TRUE,Coscinodiscus ,TRUE
Coscinodiscus _granii,ID00607,ID00606,0.506853354,ID00605,0.750191014,ID00604,0.961239323,0.998,1,0.946,Coscinodiscus ,Coscinodiscus ,TRUE,Coscinodiscus ,TRUE,Coscinodiscus ,TRUE
Coscinodiscus _granii,ID00608,ID00607,0.44581341,ID00607,0.677035979,ID00607,0.857262174,0.998,0.998,0.854,Coscinodiscus ,Coscinodiscus ,TRUE,Coscinodiscus ,TRUE,Coscinodiscus ,TRUE
Coscinodiscus _granii,ID00609,ID00610,0.529844243,ID00610,0.746484684,ID00610,0.961058279,0.986,0.982,0.734,Coscinodiscus ,Coscinodiscus ,TRUE,Coscinodiscus ,TRUE,Coscinodiscus ,TRUE
Coscinodiscus _granii,ID00610,ID00609,0.529844243,ID00611,0.793094518,ID00611,0.979333126,0.974,0.984,0.662,Coscinodiscus ,Coscinodiscus ,TRUE,Coscinodiscus ,TRUE,Coscinodiscus ,TRUE
Coscinodiscus _granii,ID00611,ID00597,0.515907195,ID00610,0.793094518,ID00610,0.979333126,0.842,0.994,0.706,Coscinodiscus ,Coscinodiscus ,TRUE,Coscinodiscus ,TRUE,Coscinodiscus ,TRUE
Coscinodiscus _granii,ID00612,ID00604,0.495332884,ID00599,0.748923229,ID00600,0.961568704,1,0.998,0.872,Coscinodiscus ,Coscinodiscus ,TRUE,Coscinodiscus ,TRUE,Coscinodiscus ,TRUE
Coscinodiscus _granii,ID00051,ID00012,0.120889212,ID00012,0.177904382,ID00055,0.282702071,0.628,0.888,0.642,Coscinodiscus ,Coscinodiscus ,TRUE,Coscinodiscus ,TRUE,Coscinodiscus ,TRUE
Coscinodiscus _granii,ID00052,ID00267,0.209445155,ID00054,0.512582814,ID00054,0.872079123,0.392,0.196,0.422,Coscinodiscus ,Coscinodiscus ,TRUE,Ditylum ,FALSE,Coscinodiscus ,TRUE
Coscinodiscus _granii,ID00053,ID00390,0.231592266,ID00390,0.503963885,ID00390,0.825237137,0.488,0.818,0.578,Coscinodiscus ,Lauderia,FALSE,Lauderia,FALSE,Lauderia,FALSE
Coscinodiscus _granii,ID00054,ID00263,0.216684925,ID00052,0.512582814,ID00052,0.872079123,0.418,0.16,0.312,Coscinodiscus ,Coscinodiscus ,TRUE,Pleurosigma,FALSE,Coscinodiscus ,TRUE
Coscinodiscus _radiatus,ID00027,ID00029,0.194768744,ID00029,0.613478661,ID00029,0.935004335,0.998,0.972,0.704,Coscinodiscus ,Coscinodiscus ,TRUE,Coscinodiscus ,TRUE,Coscinodiscus ,TRUE
Coscinodiscus _radiatus,ID00028,ID00029,0.214858075,ID00029,0.436231449,ID00013,0.688785571,0.996,1,0.962,Coscinodiscus ,Coscinodiscus ,TRUE,Coscinodiscus ,TRUE,Coscinodiscus ,TRUE
Coscinodiscus _radiatus,ID00029,ID00028,0.214858075,ID00027,0.613478661,ID00027,0.935004335,0.998,0.998,0.744,Coscinodiscus ,Coscinodiscus ,TRUE,Coscinodiscus ,TRUE,Coscinodiscus ,TRUE
Coscinodiscus _radiatus,ID00629,ID00630,0.376681143,ID00630,0.631474796,ID00630,0.895403145,1,1,0.89,Coscinodiscus ,Coscinodiscus ,TRUE,Coscinodiscus ,TRUE,Coscinodiscus ,TRUE
Coscinodiscus _radiatus,ID00630,ID00639,0.49514516,ID00633,0.759371812,ID00639,0.973181292,1,1,0.852,Coscinodiscus ,Coscinodiscus ,TRUE,Coscinodiscus ,TRUE,Coscinodiscus ,TRUE
Coscinodiscus _radiatus,ID00631,ID00632,0.5448875,ID00632,0.791849005,ID00632,0.983165255,1,1,0.676,Coscinodiscus ,Coscinodiscus ,TRUE,Coscinodiscus ,TRUE,Coscinodiscus ,TRUE
Coscinodiscus _radiatus,ID00632,ID00631,0.5448875,ID00631,0.791849005,ID00631,0.983165255,1,1,0.824,Coscinodiscus ,Coscinodiscus ,TRUE,Coscinodiscus ,TRUE,Coscinodiscus ,TRUE
Coscinodiscus _radiatus,ID00633,ID00630,0.489559344,ID00630,0.759371812,ID00639,0.953712623,1,1,0.888,Coscinodiscus ,Coscinodiscus ,TRUE,Coscinodiscus ,TRUE,Coscinodiscus ,TRUE
Coscinodiscus _radiatus,ID00634,ID00635,0.512556321,ID00635,0.78854033,ID00635,0.965514958,1,1,0.81,Coscinodiscus ,Coscinodiscus ,TRUE,Coscinodiscus ,TRUE,Coscinodiscus ,TRUE
Coscinodiscus _radiatus,ID00635,ID00634,0.512556321,ID00634,0.78854033,ID00634,0.965514958,1,1,0.762,Coscinodiscus ,Coscinodiscus ,TRUE,Coscinodiscus ,TRUE,Coscinodiscus ,TRUE
Coscinodiscus _radiatus,ID00636,ID00631,0.518432731,ID00630,0.750825927,ID00632,0.968603566,1,1,0.87,Coscinodiscus ,Coscinodiscus ,TRUE,Coscinodiscus ,TRUE,Coscinodiscus ,TRUE
Coscinodiscus _radiatus,ID00637,ID00638,0.561608363,ID00638,0.773053183,ID00638,0.937423202,1,1,0.738,Coscinodiscus ,Coscinodiscus ,TRUE,Coscinodiscus ,TRUE,Coscinodiscus ,TRUE
Coscinodiscus _radiatus,ID00638,ID00637,0.561608363,ID00637,0.773053183,ID00640,0.968480779,0.994,0.958,0.884,Coscinodiscus ,Coscinodiscus ,TRUE,Coscinodiscus ,TRUE,Coscinodiscus ,TRUE
Coscinodiscus _radiatus,ID00639,ID00630,0.49514516,ID00630,0.757797787,ID00630,0.973181292,1,1,0.856,Coscinodiscus ,Coscinodiscus ,TRUE,Coscinodiscus ,TRUE,Coscinodiscus ,TRUE
Coscinodiscus _radiatus,ID00640,ID00638,0.551132347,ID00638,0.771654255,ID00638,0.968480779,1,1,0.792,Coscinodiscus ,Coscinodiscus ,TRUE,Coscinodiscus ,TRUE,Coscinodiscus ,TRUE
Coscinodiscus _radiatus,ID00641,ID00627,0.417502457,ID00627,0.626699568,ID00635,0.842365669,1,1,0.564,Coscinodiscus ,Coscinodiscus ,TRUE,Coscinodiscus ,TRUE,Coscinodiscus ,TRUE
Coscinodiscus _sp.,ID00613,ID00616,0.426364054,ID00627,0.646694501,ID00623,0.915644787,0.978,0.946,0.804,Coscinodiscus ,Coscinodiscus ,TRUE,Coscinodiscus ,TRUE,Coscinodiscus ,TRUE
Coscinodiscus _sp.,ID00614,ID00626,0.384172123,ID00639,0.61402543,ID00627,0.923914068,0.596,0.92,0.72,Coscinodiscus ,Coscinodiscus ,TRUE,Coscinodiscus ,TRUE,Coscinodiscus ,TRUE
Coscinodiscus _sp.,ID00615,ID00616,0.407461049,ID00626,0.639712035,ID00616,0.932906948,0.826,0.512,0.684,Coscinodiscus ,Coscinodiscus ,TRUE,Coscinodiscus ,TRUE,Coscinodiscus ,TRUE
Coscinodiscus _sp.,ID00616,ID00628,0.431924538,ID00613,0.642448572,ID00615,0.932906948,0.774,0.554,0.594,Coscinodiscus ,Coscinodiscus ,TRUE,Coscinodiscus ,TRUE,Coscinodiscus ,TRUE
Coscinodiscus _sp.,ID00617,ID00619,0.2858239,ID00619,0.5802861,ID00619,0.910093798,1,1,0.964,Coscinodiscus ,Coscinodiscus ,TRUE,Coscinodiscus ,TRUE,Coscinodiscus ,TRUE
Coscinodiscus _sp.,ID00618,ID00536,0.377351717,ID00640,0.60186222,ID00620,0.886323914,0.584,0.452,0.426,Coscinodiscus ,Coscinodiscus ,TRUE,Rhizosolenia,FALSE,Coscinodiscus ,TRUE
Coscinodiscus _sp.,ID00619,ID00642,0.315143115,ID00617,0.5802861,ID00617,0.910093798,1,1,0.908,Coscinodiscus ,Coscinodiscus ,TRUE,Coscinodiscus ,TRUE,Coscinodiscus ,TRUE
Coscinodiscus _sp.,ID00620,ID00530,0.469916159,ID00527,0.744009293,ID00527,0.968025763,0.978,0.938,0.43,Coscinodiscus ,Rhizosolenia,FALSE,Rhizosolenia,FALSE,Rhizosolenia,FALSE
Coscinodiscus _sp.,ID00621,ID00616,0.389279394,ID00613,0.590048304,ID00622,0.911282325,0.998,0.902,0.894,Coscinodiscus ,Coscinodiscus ,TRUE,Coscinodiscus ,TRUE,Coscinodiscus ,TRUE
Coscinodiscus _sp.,ID00622,ID00626,0.448231245,ID00613,0.608776382,ID00621,0.911282325,0.994,0.858,0.842,Coscinodiscus ,Coscinodiscus ,TRUE,Coscinodiscus ,TRUE,Coscinodiscus ,TRUE
Coscinodiscus _sp.,ID00623,ID00627,0.386604783,ID00628,0.681150846,ID00628,0.92396742,0.972,0.962,0.81,Coscinodiscus ,Coscinodiscus ,TRUE,Coscinodiscus ,TRUE,Coscinodiscus ,TRUE
Coscinodiscus _sp.,ID00624,ID00615,0.343766275,ID00626,0.619564555,ID00626,0.929475359,0.864,0.81,0.76,Coscinodiscus ,Coscinodiscus ,TRUE,Coscinodiscus ,TRUE,Coscinodiscus ,TRUE
Coscinodiscus _sp.,ID00625,ID00624,0.295431771,ID00547,0.615810158,ID00547,0.950455136,0.448,0.638,0.186,Coscinodiscus ,Ditylum ,FALSE,Coscinodiscus ,TRUE,Ditylum ,FALSE
Coscinodiscus _sp.,ID00626,ID00622,0.448231245,ID00615,0.639712035,ID00624,0.929475359,1,0.976,0.792,Coscinodiscus ,Coscinodiscus ,TRUE,Coscinodiscus ,TRUE,Coscinodiscus ,TRUE
Coscinodiscus _sp.,ID00627,ID00641,0.417502457,ID00613,0.646694501,ID00614,0.923914068,0.956,0.996,0.864,Coscinodiscus ,Coscinodiscus ,TRUE,Coscinodiscus ,TRUE,Coscinodiscus ,TRUE
Coscinodiscus _sp.,ID00628,ID00616,0.431924538,ID00623,0.681150846,ID00623,0.92396742,0.922,0.944,0.78,Coscinodiscus ,Coscinodiscus ,TRUE,Coscinodiscus ,TRUE,Coscinodiscus ,TRUE
Coscinodiscus _wailesii,ID00011,ID00642,0.220773363,ID00028,0.373249953,ID00028,0.670781319,1,0.958,0.86,Coscinodiscus ,Coscinodiscus ,TRUE,Coscinodiscus ,TRUE,Coscinodiscus ,TRUE
Coscinodiscus _wailesii,ID00012,ID00643,0.30194506,ID00643,0.506856986,ID00266,0.902429024,1,0.664,0.314,Coscinodiscus ,Ditylum ,FALSE,Coscinodiscus ,TRUE,Coscinodiscus ,TRUE
Coscinodiscus _wailesii,ID00013,ID00636,0.238056544,ID00012,0.434055982,ID00029,0.805854691,0.954,0.84,0.73,Coscinodiscus ,Coscinodiscus ,TRUE,Coscinodiscus ,TRUE,Coscinodiscus ,TRUE
Coscinodiscus _wailesii,ID00642,ID00650,0.535861359,ID00650,0.766773883,ID00650,0.987046779,1,1,0.726,Coscinodiscus ,Coscinodiscus ,TRUE,Coscinodiscus ,TRUE,Coscinodiscus ,TRUE
Coscinodiscus _wailesii,ID00643,ID00645,0.478385704,ID00650,0.636196164,ID00646,0.934357927,1,1,0.73,Coscinodiscus ,Coscinodiscus ,TRUE,Coscinodiscus ,TRUE,Coscinodiscus ,TRUE
Coscinodiscus _wailesii,ID00644,ID00649,0.615581321,ID00649,0.753419009,ID00649,0.953902827,1,1,0.904,Coscinodiscus ,Coscinodiscus ,TRUE,Coscinodiscus ,TRUE,Coscinodiscus ,TRUE
Coscinodiscus _wailesii,ID00645,ID00643,0.478385704,ID00643,0.468990872,ID00654,0.653625565,1,0.97,0.818,Coscinodiscus ,Coscinodiscus ,TRUE,Coscinodiscus ,TRUE,Coscinodiscus ,TRUE
Coscinodiscus _wailesii,ID00646,ID00647,0.484405565,ID00650,0.675596878,ID00655,0.96271761,1,1,0.55,Coscinodiscus ,Coscinodiscus ,TRUE,Coscinodiscus ,TRUE,Coscinodiscus ,TRUE
Coscinodiscus _wailesii,ID00647,ID00648,0.533959925,ID00648,0.745810876,ID00648,0.97236416,1,1,0.706,Coscinodiscus ,Coscinodiscus ,TRUE,Coscinodiscus ,TRUE,Coscinodiscus ,TRUE
Coscinodiscus _wailesii,ID00648,ID00651,0.556573708,ID00651,0.7655992,ID00647,0.97236416,1,1,0.636,Coscinodiscus ,Coscinodiscus ,TRUE,Coscinodiscus ,TRUE,Coscinodiscus ,TRUE
Coscinodiscus _wailesii,ID00649,ID00644,0.615581321,ID00644,0.753419009,ID00644,0.953902827,1,1,0.986,Coscinodiscus ,Coscinodiscus ,TRUE,Coscinodiscus ,TRUE,Coscinodiscus ,TRUE
Coscinodiscus _wailesii,ID00650,ID00642,0.535861359,ID00642,0.766773883,ID00642,0.987046779,1,1,0.788,Coscinodiscus ,Coscinodiscus ,TRUE,Coscinodiscus ,TRUE,Coscinodiscus ,TRUE
Coscinodiscus _wailesii,ID00651,ID00648,0.556573708,ID00648,0.7655992,ID00642,0.969154481,1,1,0.688,Coscinodiscus ,Coscinodiscus ,TRUE,Coscinodiscus ,TRUE,Coscinodiscus ,TRUE
Coscinodiscus _wailesii,ID00652,ID00655,0.498472149,ID00655,0.600056589,ID00650,0.921975228,1,0.894,0.674,Coscinodiscus ,Coscinodiscus ,TRUE,Coscinodiscus ,TRUE,Coscinodiscus ,TRUE
Coscinodiscus _wailesii,ID00653,ID00655,0.534298899,ID00655,0.666732832,ID00650,0.965171615,1,0.854,0.702,Coscinodiscus ,Coscinodiscus ,TRUE,Coscinodiscus ,TRUE,Coscinodiscus ,TRUE
Coscinodiscus _wailesii,ID00654,ID00643,0.442562639,ID00649,0.497494737,ID00649,0.799282002,1,0.99,0.66,Coscinodiscus ,Coscinodiscus ,TRUE,Coscinodiscus ,TRUE,Coscinodiscus ,TRUE
Coscinodiscus _wailesii,ID00655,ID00653,0.534298899,ID00653,0.666732832,ID00646,0.96271761,1,0.95,0.43,Coscinodiscus ,Coscinodiscus ,TRUE,Coscinodiscus ,TRUE,Coscinodiscus ,TRUE
Ditylum _sp.,ID00266,ID00652,0.189673602,ID00548,0.493221743,ID00392,0.9164625,1,0.468,0.41,Ditylum ,Rhizosolenia,FALSE,Coscinodiscus ,FALSE,Ditylum ,TRUE
Ditylum _sp.,ID00267,ID00052,0.209445155,ID00264,0.648439015,ID00264,0.915492117,0.67,0.536,0.288,Ditylum ,Pleurosigma,FALSE,Coscinodiscus ,FALSE,Pleurosigma,FALSE
Ditylum _sp.,ID00268,ID00263,0.125904267,ID00242,0.626317355,ID00242,0.93424038,0.694,0.424,0.512,Ditylum ,Ceratium,FALSE,Pleurosigma,FALSE,Ceratium,FALSE
Ditylum _sp.,ID00265,ID00538,0.221161274,ID00663,0.40348469,ID00663,0.721757165,0.456,0.208,0.24,Ditylum ,Ditylum ,TRUE,Ditylum ,TRUE,Ditylum ,TRUE
Ditylum _sp.,ID00538,ID00539,0.496262434,ID00542,0.723243507,ID00543,0.934194974,0.998,0.848,0.392,Ditylum ,Ditylum ,TRUE,Ditylum ,TRUE,Ditylum ,TRUE
Ditylum _sp.,ID00539,ID00538,0.496262434,ID00611,0.719149715,ID00611,0.95136291,0.536,0.688,0.288,Ditylum ,Coscinodiscus ,FALSE,Ditylum ,TRUE,Coscinodiscus ,FALSE
Ditylum _sp.,ID00540,ID00543,0.341652977,ID00539,0.613644628,ID00539,0.926995032,0.726,0.772,0.242,Ditylum ,Ditylum ,TRUE,Ditylum ,TRUE,Ditylum ,TRUE
Ditylum _sp.,ID00541,ID00664,1,ID00664,1,ID00664,1,1,1,0.486,Ditylum ,Ditylum ,TRUE,Ditylum ,TRUE,Ditylum ,TRUE
Ditylum _sp.,ID00542,ID00665,1,ID00665,1,ID00665,1,1,1,0.484,Ditylum ,Ditylum ,TRUE,Ditylum ,TRUE,Ditylum ,TRUE
Ditylum _sp.,ID00543,ID00666,1,ID00666,1,ID00666,1,1,1,0.524,Ditylum ,Ditylum ,TRUE,Ditylum ,TRUE,Ditylum ,TRUE
Ditylum _sp.,ID00544,ID00667,1,ID00667,1,ID00667,1,1,1,0.484,Ditylum ,Ditylum ,TRUE,Ditylum ,TRUE,Ditylum ,TRUE
Ditylum _sp.,ID00545,ID00668,1,ID00668,1,ID00668,1,1,1,0.438,Ditylum ,Ditylum ,TRUE,Ditylum ,TRUE,Ditylum ,TRUE
Ditylum _sp.,ID00546,ID00669,1,ID00669,1,ID00669,1,1,1,0.704,Ditylum ,Ditylum ,TRUE,Ditylum ,TRUE,Ditylum ,TRUE
Ditylum _sp.,ID00547,ID00670,1,ID00670,1,ID00670,1,1,1,0.482,Ditylum ,Ditylum ,TRUE,Ditylum ,TRUE,Ditylum ,TRUE
Ditylum _sp.,ID00548,ID00671,1,ID00671,1,ID00671,1,1,1,0.46,Ditylum ,Ditylum ,TRUE,Ditylum ,TRUE,Ditylum ,TRUE
Ditylum _sp.,ID00656,ID00663,0.33306785,ID00662,0.659257977,ID00662,0.949200008,1,0.996,0.614,Ditylum ,Ditylum ,TRUE,Ditylum ,TRUE,Ditylum ,TRUE
Ditylum _sp.,ID00657,ID00659,0.469885703,ID00659,0.751044895,ID00659,0.967306478,1,1,0.73,Ditylum ,Ditylum ,TRUE,Ditylum ,TRUE,Ditylum ,TRUE
Ditylum _sp.,ID00658,ID00662,0.365815347,ID00659,0.658411266,ID00659,0.944319989,0.998,1,0.774,Ditylum ,Ditylum ,TRUE,Ditylum ,TRUE,Ditylum ,TRUE
Ditylum _sp.,ID00659,ID00657,0.469885703,ID00657,0.751044895,ID00657,0.967306478,1,1,0.814,Ditylum ,Ditylum ,TRUE,Ditylum ,TRUE,Ditylum ,TRUE
Ditylum _sp.,ID00660,ID00659,0.462660215,ID00659,0.715819,ID00657,0.945982623,1,1,0.756,Ditylum ,Ditylum ,TRUE,Ditylum ,TRUE,Ditylum ,TRUE
Ditylum _sp.,ID00661,ID00660,0.433578528,ID00660,0.714050265,ID00660,0.920607508,1,1,0.558,Ditylum ,Ditylum ,TRUE,Ditylum ,TRUE,Ditylum ,TRUE
Ditylum _sp.,ID00662,ID00663,0.514015458,ID00663,0.72057583,ID00663,0.964922995,1,0.998,0.708,Ditylum ,Ditylum ,TRUE,Ditylum ,TRUE,Ditylum ,TRUE
Ditylum _sp.,ID00663,ID00662,0.514015458,ID00662,0.72057583,ID00662,0.964922995,1,0.978,0.624,Ditylum ,Ditylum ,TRUE,Ditylum ,TRUE,Ditylum ,TRUE
Ditylum _sp.,ID00664,ID00541,1,ID00541,1,ID00541,1,1,1,0.518,Ditylum ,Ditylum ,TRUE,Ditylum ,TRUE,Ditylum ,TRUE
Ditylum _sp.,ID00665,ID00542,1,ID00542,1,ID00542,1,1,1,0.424,Ditylum ,Ditylum ,TRUE,Ditylum ,TRUE,Ditylum ,TRUE
Ditylum _sp.,ID00666,ID00543,1,ID00543,1,ID00543,1,1,1,0.498,Ditylum ,Ditylum ,TRUE,Ditylum ,TRUE,Ditylum ,TRUE
Ditylum _sp.,ID00667,ID00544,1,ID00544,1,ID00544,1,1,1,0.462,Ditylum ,Ditylum ,TRUE,Ditylum ,TRUE,Ditylum ,TRUE
Ditylum _sp.,ID00668,ID00545,1,ID00545,1,ID00545,1,1,1,0.416,Ditylum ,Ditylum ,TRUE,Ditylum ,TRUE,Ditylum ,TRUE
Ditylum _sp.,ID00669,ID00546,1,ID00546,1,ID00546,1,1,1,0.696,Ditylum ,Ditylum ,TRUE,Ditylum ,TRUE,Ditylum ,TRUE
Ditylum _sp.,ID00670,ID00547,1,ID00547,1,ID00547,1,1,1,0.468,Ditylum ,Ditylum ,TRUE,Ditylum ,TRUE,Ditylum ,TRUE
Ditylum _sp.,ID00671,ID00548,1,ID00548,1,ID00548,1,1,1,0.518,Ditylum ,Ditylum ,TRUE,Ditylum ,TRUE,Ditylum ,TRUE
Ditylum _sp.,ID00672,ID00547,0.393194454,ID00547,0.739721615,ID00547,0.979557956,0.994,0.996,0.454,Ditylum ,Ditylum ,TRUE,Ditylum ,TRUE,Ditylum ,TRUE
Ditylum _sp.,ID00673,ID00545,0.375451618,ID00648,0.592007458,ID00648,0.911759597,0.634,0.352,0.396,Ditylum ,Coscinodiscus ,FALSE,Ditylum ,TRUE,Coscinodiscus ,FALSE
Guinardia _sp.,ID00342,ID00354,0.427154531,ID00354,0.646028766,ID00354,0.883926605,0.998,0.994,0.844,Guinardia ,Guinardia ,TRUE,Guinardia ,TRUE,Guinardia ,TRUE
Guinardia _sp.,ID00345,ID00392,0.414936995,ID00392,0.677727225,ID00392,0.966672284,1,0.972,0.57,Guinardia ,Rhizosolenia,FALSE,Rhizosolenia,FALSE,Rhizosolenia,FALSE
Guinardia _sp.,ID00346,ID00371,0.427175631,ID00375,0.595727481,ID00305,0.850682115,1,1,0.936,Guinardia ,Guinardia ,TRUE,Guinardia ,TRUE,Guinardia ,TRUE
Guinardia _sp.,ID00295,ID00375,0.370163794,ID00375,0.618468168,ID00375,0.864864116,0.88,0.996,0.662,Guinardia ,Guinardia ,TRUE,Guinardia ,TRUE,Guinardia ,TRUE
Guinardia _sp.,ID00349,ID00350,0.404111726,ID00350,0.581990434,ID00350,0.90118122,0.646,0.668,0.808,Guinardia ,Guinardia ,TRUE,Guinardia ,TRUE,Guinardia ,TRUE
Guinardia _sp.,ID00350,ID00317,0.452513606,ID00366,0.676377471,ID00349,0.90118122,0.994,1,0.82,Guinardia ,Guinardia ,TRUE,Guinardia ,TRUE,Guinardia ,TRUE
Guinardia _sp.,ID00296,ID00645,0.276130635,ID00645,0.345352714,ID00056,0.611843522,0.814,0.926,0.572,Guinardia ,Coscinodiscus ,FALSE,Coscinodiscus ,FALSE,Coscinodiscus ,FALSE
Guinardia _sp.,ID00297,ID00645,0.366781194,ID00645,0.359788213,ID00342,0.677187793,1,0.682,0.486,Guinardia ,Guinardia ,TRUE,Coscinodiscus ,FALSE,Coscinodiscus ,FALSE
Guinardia _sp.,ID00300,ID00236,0.2,ID00236,0.832476402,ID00236,0.978573205,0.736,0.702,0.702,Guinardia ,Ceratium,FALSE,Ceratium,FALSE,Ceratium,FALSE
Guinardia _sp.,ID00353,ID00358,0.395627968,ID00358,0.690498436,ID00358,0.954466511,1,1,0.808,Guinardia ,Guinardia ,TRUE,Guinardia ,TRUE,Guinardia ,TRUE
Guinardia _sp.,ID00354,ID00342,0.427154531,ID00342,0.646028766,ID00357,0.888649388,1,1,0.948,Guinardia ,Guinardia ,TRUE,Guinardia ,TRUE,Guinardia ,TRUE
Guinardia _sp.,ID00357,ID00313,0.376474891,ID00354,0.618469411,ID00354,0.888649388,0.622,0.844,0.778,Guinardia ,Guinardia ,TRUE,Rhizosolenia,FALSE,Guinardia ,TRUE
Guinardia _sp.,ID00358,ID00353,0.395627968,ID00353,0.690498436,ID00353,0.954466511,1,1,0.816,Guinardia ,Guinardia ,TRUE,Guinardia ,TRUE,Guinardia ,TRUE
Guinardia _sp.,ID00305,ID00354,0.359411637,ID00354,0.612442894,ID00354,0.851391621,0.954,0.984,0.844,Guinardia ,Guinardia ,TRUE,Guinardia ,TRUE,Guinardia ,TRUE
Guinardia _sp.,ID00306,ID00371,0.400240519,ID00381,0.596426444,ID00337,0.853646973,0.472,0.664,0.44,Guinardia ,Pleurosigma,FALSE,Guinardia ,TRUE,Lauderia,FALSE
Guinardia _sp.,ID00366,ID00314,0.543869792,ID00314,0.75987318,ID00314,0.946391942,1,1,0.69,Guinardia ,Guinardia ,TRUE,Guinardia ,TRUE,Guinardia ,TRUE
Guinardia _sp.,ID00309,ID00314,0.402776176,ID00314,0.604323404,ID00375,0.805541876,0.722,0.77,0.838,Guinardia ,Guinardia ,TRUE,Guinardia ,TRUE,Guinardia ,TRUE
Guinardia _sp.,ID00368,ID00372,0.239644981,ID00318,0.359114994,ID00318,0.543055359,0.33,0.732,0.56,Guinardia ,Thalassiosira ,FALSE,Guinardia ,TRUE,Thalassiosira ,FALSE
Guinardia _sp.,ID00371,ID00372,0.474013529,ID00372,0.634690415,ID00372,0.884648713,0.988,1,0.958,Guinardia ,Guinardia ,TRUE,Guinardia ,TRUE,Guinardia ,TRUE
Guinardia _sp.,ID00372,ID00371,0.474013529,ID00371,0.634690415,ID00371,0.884648713,1,0.996,0.808,Guinardia ,Guinardia ,TRUE,Guinardia ,TRUE,Guinardia ,TRUE
Guinardia _sp.,ID00375,ID00311,0.4152623,ID00317,0.680856354,ID00317,0.905248661,0.99,1,0.838,Guinardia ,Guinardia ,TRUE,Guinardia ,TRUE,Guinardia ,TRUE
Guinardia _sp.,ID00311,ID00314,0.460124536,ID00314,0.730149323,ID00314,0.91085099,0.998,1,0.68,Guinardia ,Guinardia ,TRUE,Guinardia ,TRUE,Guinardia ,TRUE
Guinardia _sp.,ID00314,ID00366,0.543869792,ID00366,0.75987318,ID00366,0.946391942,1,1,0.904,Guinardia ,Guinardia ,TRUE,Guinardia ,TRUE,Guinardia ,TRUE
Guinardia _sp.,ID00317,ID00350,0.452513606,ID00375,0.680856354,ID00375,0.905248661,1,1,0.84,Guinardia ,Guinardia ,TRUE,Guinardia ,TRUE,Guinardia ,TRUE
Lauderia_sp.,ID00381,ID00306,0.391688621,ID00306,0.596426444,ID00306,0.815911491,0.994,1,0.66,Lauderia,Guinardia ,FALSE,Guinardia ,FALSE,Guinardia ,FALSE
Lauderia_sp.,ID00388,ID00264,0.341057575,ID00263,0.516428614,ID00054,0.865015526,0.844,0.576,0.628,Lauderia,Coscinodiscus ,FALSE,Pleurosigma,FALSE,Pleurosigma,FALSE
Lauderia_sp.,ID00389,ID00680,0.284406656,ID00261,0.556378557,ID00261,0.811207352,0.984,0.974,0.622,Lauderia,Pleurosigma,FALSE,Pleurosigma,FALSE,Pleurosigma,FALSE
Lauderia_sp.,ID00390,ID00261,0.283453744,ID00391,0.552594531,ID00391,0.838171165,0.536,0.656,0.436,Lauderia,Lauderia,TRUE,Pleurosigma,FALSE,Lauderia,TRUE
Lauderia_sp.,ID00391,ID00390,0.270834297,ID00390,0.552594531,ID00390,0.838171165,0.926,0.86,0.526,Lauderia,Lauderia,TRUE,Lauderia,TRUE,Lauderia,TRUE
Pleurosigma_sp.,ID00261,ID00262,0.490108783,ID00262,0.716466452,ID00262,0.94193137,0.994,1,0.536,Pleurosigma,Pleurosigma,TRUE,Pleurosigma,TRUE,Pleurosigma,TRUE
Pleurosigma_sp.,ID00262,ID00261,0.490108783,ID00261,0.716466452,ID00261,0.94193137,0.988,0.998,0.524,Pleurosigma,Pleurosigma,TRUE,Pleurosigma,TRUE,Pleurosigma,TRUE
Pleurosigma_sp.,ID00263,ID00388,0.280504064,ID00264,0.742277784,ID00264,0.972857165,0.482,0.344,0.306,Pleurosigma,Pleurosigma,TRUE,Lauderia,FALSE,Pleurosigma,TRUE
Pleurosigma_sp.,ID00264,ID00388,0.341057575,ID00263,0.742277784,ID00263,0.972857165,0.738,0.388,0.3,Pleurosigma,Pleurosigma,TRUE,Lauderia,FALSE,Pleurosigma,TRUE
Pleurosigma_sp.,ID00361,ID00353,0.223265268,ID00327,0.280935473,ID00654,0.354919458,0.622,0.404,0.544,Pleurosigma,Coscinodiscus ,FALSE,Guinardia ,FALSE,Thalassiosira ,FALSE
Pleurosigma_sp.,ID00337,ID00371,0.405952507,ID00306,0.57626466,ID00306,0.853646973,1,0.914,0.516,Pleurosigma,Guinardia ,FALSE,Guinardia ,FALSE,Guinardia ,FALSE
Pleurosigma_sp.,ID00674,ID00676,0.535116556,ID00675,0.765319429,ID00675,0.957452565,1,1,0.886,Pleurosigma,Pleurosigma,TRUE,Pleurosigma,TRUE,Pleurosigma,TRUE
Pleurosigma_sp.,ID00675,ID00674,0.529724341,ID00674,0.765319429,ID00674,0.957452565,1,1,0.774,Pleurosigma,Pleurosigma,TRUE,Pleurosigma,TRUE,Pleurosigma,TRUE
Pleurosigma_sp.,ID00676,ID00674,0.535116556,ID00674,0.722981983,ID00680,0.948296128,1,1,0.83,Pleurosigma,Pleurosigma,TRUE,Pleurosigma,TRUE,Pleurosigma,TRUE
Pleurosigma_sp.,ID00677,ID00599,0.459743134,ID00679,0.69029845,ID00679,0.94146894,0.534,0.692,0.452,Pleurosigma,Pleurosigma,TRUE,Coscinodiscus ,FALSE,Pleurosigma,TRUE
Pleurosigma_sp.,ID00678,ID00680,0.503147762,ID00680,0.769697928,ID00680,0.966137143,1,1,0.964,Pleurosigma,Pleurosigma,TRUE,Pleurosigma,TRUE,Pleurosigma,TRUE
Pleurosigma_sp.,ID00679,ID00677,0.451634038,ID00677,0.69029845,ID00677,0.94146894,0.674,0.494,0.384,Pleurosigma,Pleurosigma,TRUE,Pleurosigma,TRUE,Pleurosigma,TRUE
Pleurosigma_sp.,ID00680,ID00676,0.521853781,ID00678,0.769697928,ID00678,0.966137143,1,1,0.922,Pleurosigma,Pleurosigma,TRUE,Pleurosigma,TRUE,Pleurosigma,TRUE
Pleurosigma_sp.,ID00681,ID00682,0.224040425,ID00682,0.551558218,ID00682,0.888749824,0.882,0.798,0.492,Pleurosigma,Pleurosigma,TRUE,Pleurosigma,TRUE,Pleurosigma,TRUE
Pleurosigma_sp.,ID00682,ID00681,0.224040425,ID00681,0.551558218,ID00681,0.888749824,0.932,0.844,0.81,Pleurosigma,Pleurosigma,TRUE,Pleurosigma,TRUE,Pleurosigma,TRUE
Pleurosigma_sp.,ID00683,ID00680,0.450118662,ID00680,0.650956082,ID00686,0.878878461,0.828,0.782,0.606,Pleurosigma,Pleurosigma,TRUE,Pleurosigma,TRUE,Pleurosigma,TRUE
Pleurosigma_sp.,ID00684,ID00686,0.49833063,ID00686,0.723525876,ID00686,0.934536154,1,1,0.746,Pleurosigma,Pleurosigma,TRUE,Pleurosigma,TRUE,Pleurosigma,TRUE
Pleurosigma_sp.,ID00685,ID00686,0.459949143,ID00684,0.697078677,ID00686,0.94186802,0.91,0.922,0.552,Pleurosigma,Pleurosigma,TRUE,Pleurosigma,TRUE,Pleurosigma,TRUE
Pleurosigma_sp.,ID00686,ID00684,0.49833063,ID00684,0.723525876,ID00685,0.94186802,1,0.994,0.552,Pleurosigma,Pleurosigma,TRUE,Pleurosigma,TRUE,Pleurosigma,TRUE
Pleurosigma_sp.,ID00687,ID00688,0.615082666,ID00688,0.740372835,ID00688,0.968325709,1,1,0.724,Pleurosigma,Pleurosigma,TRUE,Pleurosigma,TRUE,Pleurosigma,TRUE
Pleurosigma_sp.,ID00688,ID00687,0.615082666,ID00687,0.740372835,ID00687,0.968325709,1,1,0.786,Pleurosigma,Pleurosigma,TRUE,Pleurosigma,TRUE,Pleurosigma,TRUE
Pleurosigma_sp.,ID00689,ID00688,0.53061831,ID00680,0.723324636,ID00680,0.936158602,0.998,0.958,0.736,Pleurosigma,Pleurosigma,TRUE,Pleurosigma,TRUE,Pleurosigma,TRUE
Pleurosigma_sp.,ID00690,ID00687,0.506251974,ID00687,0.705957824,ID00687,0.92279649,0.976,0.954,0.606,Pleurosigma,Pleurosigma,TRUE,Pleurosigma,TRUE,Pleurosigma,TRUE
Rhizosolenia_sp.,ID00523,ID00526,0.426828946,ID00526,0.69645019,ID00526,0.907569799,0.7,0.684,0.342,Rhizosolenia,Rhizosolenia,TRUE,Rhizosolenia,TRUE,Rhizosolenia,TRUE
Rhizosolenia_sp.,ID00524,ID00526,0.40939927,ID00526,0.696415821,ID00526,0.924856698,0.976,0.932,0.224,Rhizosolenia,Rhizosolenia,TRUE,Rhizosolenia,TRUE,Rhizosolenia,TRUE
Rhizosolenia_sp.,ID00525,ID00528,0.570076041,ID00528,0.768729149,ID00531,0.974082499,1,0.994,0.526,Rhizosolenia,Rhizosolenia,TRUE,Rhizosolenia,TRUE,Rhizosolenia,TRUE
Rhizosolenia_sp.,ID00526,ID00527,0.556175343,ID00527,0.745670483,ID00527,0.949194757,0.998,0.778,0.408,Rhizosolenia,Rhizosolenia,TRUE,Rhizosolenia,TRUE,Rhizosolenia,TRUE
Rhizosolenia_sp.,ID00527,ID00526,0.556175343,ID00529,0.759445292,ID00525,0.971854671,1,0.858,0.464,Rhizosolenia,Rhizosolenia,TRUE,Rhizosolenia,TRUE,Rhizosolenia,TRUE
Rhizosolenia_sp.,ID00528,ID00525,0.570076041,ID00525,0.768729149,ID00531,0.968619858,1,0.996,0.316,Rhizosolenia,Rhizosolenia,TRUE,Rhizosolenia,TRUE,Rhizosolenia,TRUE
Rhizosolenia_sp.,ID00529,ID00527,0.50545654,ID00527,0.759445292,ID00530,0.976244535,0.996,0.976,0.562,Rhizosolenia,Rhizosolenia,TRUE,Rhizosolenia,TRUE,Rhizosolenia,TRUE
Rhizosolenia_sp.,ID00530,ID00525,0.505810665,ID00533,0.759290779,ID00529,0.976244535,0.936,1,0.488,Rhizosolenia,Rhizosolenia,TRUE,Rhizosolenia,TRUE,Rhizosolenia,TRUE
Rhizosolenia_sp.,ID00531,ID00533,0.458925434,ID00533,0.762024061,ID00525,0.974082499,0.692,0.996,0.414,Rhizosolenia,Rhizosolenia,TRUE,Rhizosolenia,TRUE,Rhizosolenia,TRUE
Rhizosolenia_sp.,ID00532,ID00534,0.430886939,ID00534,0.684355335,ID00545,0.932179913,0.772,0.616,0.154,Rhizosolenia,Ditylum ,FALSE,Rhizosolenia,TRUE,Rhizosolenia,TRUE
Rhizosolenia_sp.,ID00533,ID00531,0.458925434,ID00531,0.762024061,ID00531,0.971142313,0.786,0.998,0.346,Rhizosolenia,Rhizosolenia,TRUE,Rhizosolenia,TRUE,Rhizosolenia,TRUE
Rhizosolenia_sp.,ID00534,ID00537,0.436600164,ID00532,0.684355335,ID00533,0.938545921,0.804,0.87,0.418,Rhizosolenia,Rhizosolenia,TRUE,Rhizosolenia,TRUE,Rhizosolenia,TRUE
Rhizosolenia_sp.,ID00535,ID00526,0.457853815,ID00527,0.750507319,ID00533,0.965553709,0.998,1,0.42,Rhizosolenia,Rhizosolenia,TRUE,Rhizosolenia,TRUE,Rhizosolenia,TRUE
Rhizosolenia_sp.,ID00536,ID00537,0.55077742,ID00537,0.766751523,ID00537,0.953476166,0.924,0.952,0.338,Rhizosolenia,Rhizosolenia,TRUE,Rhizosolenia,TRUE,Rhizosolenia,TRUE
Rhizosolenia_sp.,ID00537,ID00536,0.55077742,ID00536,0.766751523,ID00536,0.953476166,1,0.994,0.468,Rhizosolenia,Rhizosolenia,TRUE,Rhizosolenia,TRUE,Rhizosolenia,TRUE
Rhizosolenia_sp.,ID00301,ID00349,0.386460681,ID00349,0.553552088,ID00366,0.845565602,0.99,0.526,0.848,Rhizosolenia,Guinardia ,FALSE,Guinardia ,FALSE,Guinardia ,FALSE
Rhizosolenia_sp.,ID00362,ID00381,0.275660433,ID00306,0.470708862,ID00306,0.733407317,0.61,0.54,0.266,Rhizosolenia,Guinardia ,FALSE,Lauderia,FALSE,Guinardia ,FALSE
Rhizosolenia_sp.,ID00313,ID00309,0.394573607,ID00309,0.590587077,ID00311,0.855465598,0.96,0.948,0.802,Rhizosolenia,Guinardia ,FALSE,Guinardia ,FALSE,Guinardia ,FALSE
Rhizosolenia_sp.,ID00392,ID00345,0.414936995,ID00345,0.677727225,ID00345,0.966672284,1,0.994,0.706,Rhizosolenia,Guinardia ,FALSE,Guinardia ,FALSE,Guinardia ,FALSE
Thalassiosira _sp.,ID00318,ID00375,0.351776117,ID00375,0.555450099,ID00375,0.718479251,0.99,0.992,0.514,Thalassiosira ,Guinardia ,FALSE,Guinardia ,FALSE,Guinardia ,FALSE
Thalassiosira _sp.,ID00319,ID00376,0.36365807,ID00372,0.551477052,ID00376,0.835093184,0.734,0.838,0.436,Thalassiosira ,Thalassiosira ,TRUE,Thalassiosira ,TRUE,Guinardia ,FALSE
Thalassiosira _sp.,ID00334,ID00354,0.298606103,ID00305,0.47172392,ID00305,0.670008652,0.924,0.932,0.442,Thalassiosira ,Guinardia ,FALSE,Guinardia ,FALSE,Guinardia ,FALSE
Thalassiosira _sp.,ID00376,ID00319,0.36365807,ID00319,0.494097799,ID00319,0.835093184,0.996,0.748,0.898,Thalassiosira ,Thalassiosira ,TRUE,Thalassiosira ,TRUE,Thalassiosira ,TRUE
Thalassiosira _sp.,ID00327,ID00353,0.17580763,ID00313,0.325587743,ID00153,0.675163949,0.416,0.134,0.542,Thalassiosira ,Chaetoceros,FALSE,Guinardia ,FALSE,Rhizosolenia,FALSE
Thalassiosira _sp.,ID00328,ID00329,0.373019796,ID00329,0.639036541,ID00329,0.932074298,0.988,0.956,0.438,Thalassiosira ,Thalassiosira ,TRUE,Thalassiosira ,TRUE,Thalassiosira ,TRUE
Thalassiosira _sp.,ID00329,ID00328,0.373019796,ID00328,0.639036541,ID00328,0.932074298,0.752,0.934,0.394,Thalassiosira ,Thalassiosira ,TRUE,Thalassiosira ,TRUE,Thalassiosira ,TRUE
Thalassiosira _sp.,ID00330,ID00328,0.363517884,ID00328,0.608665907,ID00328,0.808235991,1,0.962,0.394,Thalassiosira ,Thalassiosira ,TRUE,Thalassiosira ,TRUE,Thalassiosira ,TRUE
